Workbook

Sheet 銷售明細
A1: 2024年度 業務員產品別月度銷售明細表
A2: 基本資料 | D2: A產品（家電） | P2: B產品（3C） | AB2: C產品（日用品） | AN2: 個人合計
A3: 業務員 | B3: 部門 | C3: 區域 | D3: 1月 | E3: 2月 | F3: 3月 | G3: 4月 | H3: 5月 | I3: 6月 | J3: 7月 | K3: 8月 | L3: 9月 | M3: 10月 | N3: 11月 | O3: 12月 | P3: 1月 | Q3: 2月 | R3: 3月 | S3: 4月 | T3: 5月 | U3: 6月 | V3: 7月 | W3: 8月 | X3: 9月 | Y3: 10月 | Z3: 11月 | AA3: 12月 | AB3: 1月 | AC3: 2月 | AD3: 3月 | AE3: 4月 | AF3: 5月 | AG3: 6月 | AH3: 7月 | AI3: 8月 | AJ3: 9月 | AK3: 10月 | AL3: 11月 | AM3: 12月 | AN3: 全年合計
A4: 陳志明 | B4: 北區業務 | C4: 北 | D4: 361000 | E4: 313000 | F4: 337000 | G4: 336000 | H4: 384000 | I4: 383000 | J4: 405000 | K4: 337000 | L4: 370000 | M4: 338000 | N4: 359000 | O4: 388000 | P4: 248000 | Q4: 262000 | R4: 295000 | S4: 291000 | T4: 271000 | U4: 300000 | V4: 318000 | W4: 264000 | X4: 324000 | Y4: 319000 | Z4: 296000 | AA4: 285000 | AB4: 244000 | AC4: 213000 | AD4: 202000 | AE4: 204000 | AF4: 247000 | AG4: 236000 | AH4: 250000 | AI4: 248000 | AJ4: 239000 | AK4: 267000 | AL4: 234000 | AM4: 247000 | AN4: =SUM(D4:AM4) -> 10615000
A5: 林美惠 | B5: 北區業務 | C5: 北 | D5: 237000 | E5: 228000 | F5: 243000 | G5: 124000 | H5: 240000 | I5: 205000 | J5: 217000 | K5: 223000 | L5: 213000 | M5: 224000 | N5: 218000 | O5: 231000 | P5: 185000 | Q5: 175000 | R5: 177000 | S5: 172000 | T5: 176000 | U5: 208000 | V5: 197000 | W5: 197000 | X5: 179000 | Y5: 206000 | Z5: 182000 | AA5: 194000 | AB5: 178000 | AC5: 167000 | AD5: 165000 | AE5: 172000 | AF5: 180000 | AG5: 179000 | AH5: 158000 | AI5: 151000 | AJ5: 165000 | AK5: 164000 | AL5: 163000 | AM5: 196000 | AN5: =SUM(D5:AM5) -> 6889000
A6: 張偉傑 | B6: 南區業務 | C6: 南 | D6: 327000 | E6: 289000 | F6: 317000 | G6: 301000 | H6: 343000 | I6: 311000 | J6: 300000 | K6: 301000 | L6: 328000 | M6: 308000 | N6: 336000 | O6: 364000 | P6: 253000 | Q6: 244000 | R6: 296000 | S6: 268000 | T6: 243000 | U6: 243000 | V6: 249000 | W6: 286000 | X6: 300000 | Y6: 278000 | Z6: 256000 | AA6: 280000 | AB6: 223000 | AC6: 203000 | AD6: 227000 | AE6: 223000 | AF6: 183000 | AG6: 221000 | AH6: 221000 | AI6: 215000 | AJ6: 203000 | AK6: 225000 | AL6: 199000 | AM6: 218000 | AN6: =SUM(D6:AM6) -> 9582000
A7: 王雅琳 | B7: 南區業務 | C7: 南 | D7: 148000 | E7: 168000 | F7: 166000 | G7: 145000 | H7: 156000 | I7: 145000 | J7: 174000 | K7: 174000 | L7: 154000 | M7: 168000 | N7: 169000 | O7: 152000 | P7: 138000 | Q7: 132000 | R7: 141000 | S7: 134000 | T7: 118000 | U7: 130000 | V7: 121000 | W7: 153000 | X7: 153000 | Y7: 152000 | Z7: 136000 | AA7: 128000 | AB7: 130000 | AC7: 134000 | AD7: 110000 | AE7: 123000 | AF7: 111000 | AG7: 133000 | AH7: 135000 | AI7: 116000 | AJ7: 128000 | AK7: 91000 | AL7: 92000 | AM7: 93000 | AN7: =SUM(D7:AM7) -> 4951000
A8: 李建國 | B8: 中區業務 | C8: 中 | D8: 255000 | E8: 244000 | F8: 267000 | G8: 282000 | H8: 251000 | I8: 260000 | J8: 308000 | K8: 288000 | L8: 276000 | M8: 284000 | N8: 259000 | O8: 269000 | P8: 192000 | Q8: 206000 | R8: 190000 | S8: 192000 | T8: 186000 | U8: 216000 | V8: 198000 | W8: 234000 | X8: 234000 | Y8: 195000 | Z8: 206000 | AA8: 231000 | AB8: 167000 | AC8: 165000 | AD8: 202000 | AE8: 188000 | AF8: 185000 | AG8: 201000 | AH8: 204000 | AI8: 178000 | AJ8: 175000 | AK8: 192000 | AL8: 194000 | AM8: 198000 | AN8: =SUM(D8:AM8) -> 7972000
A9: 吳淑芬 | B9: 中區業務 | C9: 中 | D9: 200000 | E9: 199000 | F9: 216000 | G9: 176000 | H9: 192000 | I9: 191000 | J9: 218000 | K9: 191000 | L9: 189000 | M9: 204000 | N9: 205000 | O9: 199000 | P9: 150000 | Q9: 178000 | R9: 160000 | S9: 179000 | T9: 168000 | U9: 149000 | V9: 189000 | W9: 185000 | X9: 192000 | Y9: 192000 | Z9: 190000 | AA9: 163000 | AB9: 139000 | AC9: 131000 | AD9: 139000 | AE9: 128000 | AF9: 141000 | AG9: 164000 | AH9: 140000 | AI9: 160000 | AJ9: 149000 | AK9: 149000 | AL9: 170000 | AM9: 173000 | AN9: =SUM(D9:AM9) -> 6258000
A10: 黃志豪 | B10: 東區業務 | C10: 東 | D10: 121000 | E10: 127000 | F10: 112000 | G10: 117000 | H10: 138000 | I10: 128000 | J10: 128000 | K10: 136000 | L10: 115000 | M10: 133000 | N10: 132000 | O10: 144000 | P10: 100000 | Q10: 123000 | R10: 100000 | S10: 104000 | T10: 117000 | U10: 167000 | V10: 169000 | W10: 170000 | X10: 129000 | Y10: 112000 | Z10: 123000 | AA10: 125000 | AB10: 98000 | AC10: 103000 | AD10: 102000 | AE10: 113000 | AF10: 96000 | AG10: 110000 | AH10: 99000 | AI10: 104000 | AJ10: 112000 | AK10: 103000 | AL10: 105000 | AM10: 117000 | AN10: =SUM(D10:AM10) -> 4332000
A11: 蔡佳穎 | B11: 東區業務 | C11: 東 | D11: 224000 | E11: 249000 | F11: 285000 | G11: 288000 | H11: 233000 | I11: 244000 | J11: 250000 | K11: 295000 | L11: 294000 | M11: 297000 | N11: 266000 | O11: 254000 | P11: 226000 | Q11: 222000 | R11: 219000 | S11: 241000 | T11: 226000 | U11: 194000 | V11: 239000 | W11: 213000 | X11: 235000 | Y11: 253000 | Z11: 210000 | AA11: 211000 | AB11: 163000 | AC11: 184000 | AD11: 173000 | AE11: 190000 | AF11: 196000 | AG11: 175000 | AH11: 196000 | AI11: 181000 | AJ11: 193000 | AK11: 215000 | AL11: 214000 | AM11: 180000 | AN11: =SUM(D11:AM11) -> 8128000
A12: 月合計 | D12: =SUM(D4:D11) -> 1873000 | E12: =SUM(E4:E11) -> 1817000 | F12: =SUM(F4:F11) -> 1943000 | G12: =SUM(G4:G11) -> 1769000 | H12: =SUM(H4:H11) -> 1937000 | I12: =SUM(I4:I11) -> 1867000 | J12: =SUM(J4:J11) -> 2000000 | K12: =SUM(K4:K11) -> 1945000 | ... AN12: =SUM(AN4:AN11) -> 58727000

Sheet 年度比較摘要
A1: 2023 vs 2024 業務員年度業績比較摘要
A2: 業務員 | B2: 部門 | C2: 2023全年業績 | D2: 2024全年業績 | E2: 成長金額 | F2: 成長率 | G2: A產品佔比 | H2: B產品佔比 | I2: C產品佔比 | J2: 綜合評級
A3: 陳志明 | B3: 北區業務 | C3: 9800000 | D3: =銷售明細!AO4 -> 0 | E3: =D3-C3 -> -9800000 | F3: =IF(C3=0,"-",D3/C3-1) -> -1 | G3: =IF(D3=0,"-",SUMPRODUCT(銷售明細!D4:O4)/D3) -> - | H3: =IF(D3=0,"-",SUMPRODUCT(銷售明細!P4:AA4)/D3) -> - | I3: =IF(D3=0,"-",SUMPRODUCT(銷售明細!AB4:AM4)/D3) -> - | J3: =IF(F3>=0.1,"★★★ 優秀",IF(F3>=0,"★★ 達標",IF(F3>=-0.1,"★ 待改善","✗ 需輔導"))) -> ✗ 需輔導
A4: 林美惠 | B4: 北區業務 | C4: 6200000 | D4: =銷售明細!AO5 -> 0 | E4: =D4-C4 -> -6200000 | F4: =IF(C4=0,"-",D4/C4-1) -> -1 | G4: =IF(D4=0,"-",SUMPRODUCT(銷售明細!D5:O5)/D4) -> - | H4: =IF(D4=0,"-",SUMPRODUCT(銷售明細!P5:AA5)/D4) -> - | I4: =IF(D4=0,"-",SUMPRODUCT(銷售明細!AB5:AM5)/D4) -> - | J4: =IF(F4>=0.1,"★★★ 優秀",IF(F4>=0,"★★ 達標",IF(F4>=-0.1,"★ 待改善","✗ 需輔導"))) -> ✗ 需輔導
A5: 張偉傑 | B5: 南區業務 | C5: 8500000 | D5: =銷售明細!AO6 -> 0 | E5: =D5-C5 -> -8500000 | F5: =IF(C5=0,"-",D5/C5-1) -> -1 | G5: =IF(D5=0,"-",SUMPRODUCT(銷售明細!D6:O6)/D5) -> - | H5: =IF(D5=0,"-",SUMPRODUCT(銷售明細!P6:AA6)/D5) -> - | I5: =IF(D5=0,"-",SUMPRODUCT(銷售明細!AB6:AM6)/D5) -> - | J5: =IF(F5>=0.1,"★★★ 優秀",IF(F5>=0,"★★ 達標",IF(F5>=-0.1,"★ 待改善","✗ 需輔導"))) -> ✗ 需輔導
A6: 王雅琳 | B6: 南區業務 | C6: 4800000 | D6: =銷售明細!AO7 -> 0 | E6: =D6-C6 -> -4800000 | F6: =IF(C6=0,"-",D6/C6-1) -> -1 | G6: =IF(D6=0,"-",SUMPRODUCT(銷售明細!D7:O7)/D6) -> - | H6: =IF(D6=0,"-",SUMPRODUCT(銷售明細!P7:AA7)/D6) -> - | I6: =IF(D6=0,"-",SUMPRODUCT(銷售明細!AB7:AM7)/D6) -> - | J6: =IF(F6>=0.1,"★★★ 優秀",IF(F6>=0,"★★ 達標",IF(F6>=-0.1,"★ 待改善","✗ 需輔導"))) -> ✗ 需輔導
A7: 李建國 | B7: 中區業務 | C7: 7200000 | D7: =銷售明細!AO8 -> 0 | E7: =D7-C7 -> -7200000 | F7: =IF(C7=0,"-",D7/C7-1) -> -1 | G7: =IF(D7=0,"-",SUMPRODUCT(銷售明細!D8:O8)/D7) -> - | H7: =IF(D7=0,"-",SUMPRODUCT(銷售明細!P8:AA8)/D7) -> - | I7: =IF(D7=0,"-",SUMPRODUCT(銷售明細!AB8:AM8)/D7) -> - | J7: =IF(F7>=0.1,"★★★ 優秀",IF(F7>=0,"★★ 達標",IF(F7>=-0.1,"★ 待改善","✗ 需輔導"))) -> ✗ 需輔導
A8: 吳淑芬 | B8: 中區業務 | C8: 5500000 | D8: =銷售明細!AO9 -> 0 | E8: =D8-C8 -> -5500000 | F8: =IF(C8=0,"-",D8/C8-1) -> -1 | G8: =IF(D8=0,"-",SUMPRODUCT(銷售明細!D9:O9)/D8) -> - | H8: =IF(D8=0,"-",SUMPRODUCT(銷售明細!P9:AA9)/D8) -> - | I8: =IF(D8=0,"-",SUMPRODUCT(銷售明細!AB9:AM9)/D8) -> - | J8: =IF(F8>=0.1,"★★★ 優秀",IF(F8>=0,"★★ 達標",IF(F8>=-0.1,"★ 待改善","✗ 需輔導"))) -> ✗ 需輔導
A9: 黃志豪 | B9: 東區業務 | C9: 3800000 | D9: =銷售明細!AO10 -> 0 | E9: =D9-C9 -> -3800000 | F9: =IF(C9=0,"-",D9/C9-1) -> -1 | G9: =IF(D9=0,"-",SUMPRODUCT(銷售明細!D10:O10)/D9) -> - | H9: =IF(D9=0,"-",SUMPRODUCT(銷售明細!P10:AA10)/D9) -> - | I9: =IF(D9=0,"-",SUMPRODUCT(銷售明細!AB10:AM10)/D9) -> - | J9: =IF(F9>=0.1,"★★★ 優秀",IF(F9>=0,"★★ 達標",IF(F9>=-0.1,"★ 待改善","✗ 需輔導"))) -> ✗ 需輔導
A10: 蔡佳穎 | B10: 東區業務 | C10: 7600000 | D10: =銷售明細!AO11 -> 0 | E10: =D10-C10 -> -7600000 | F10: =IF(C10=0,"-",D10/C10-1) -> -1 | G10: =IF(D10=0,"-",SUMPRODUCT(銷售明細!D11:O11)/D10) -> - | H10: =IF(D10=0,"-",SUMPRODUCT(銷售明細!P11:AA11)/D10) -> - | I10: =IF(D10=0,"-",SUMPRODUCT(銷售明細!AB11:AM11)/D10) -> - | J10: =IF(F10>=0.1,"★★★ 優秀",IF(F10>=0,"★★ 達標",IF(F10>=-0.1,"★ 待改善","✗ 需輔導"))) -> ✗ 需輔導
A12: ※ 綜合評級標準：成長率≥10% → ★★★優秀；0%～10% → ★★達標；-10%～0% → ★待改善；<-10% → ✗需輔導
