Workbook

Sheet 產品成本主檔
A1: 【主檔】2026 產品規格定價與單位成本對照表
A3: 產品編號 | B3: 產品名稱 | C3: 產品類別 | D3: 標準建議售價 (NTD) | E3: 單位進貨成本 (NTD) | F3: 目標毛利率
A4: PROD-001 | B4: 人體工學升降辦公桌 | C4: 辦公家具 | D4: 12800 | E4: 7200 | F4: 0.4375
A5: PROD-002 | B5: 高透氣護腰網布主管椅 | C5: 辦公家具 | D5: 6500 | E5: 3600 | F5: 0.4462
A6: PROD-003 | B6: 4K 高畫質降噪視訊會議鏡頭 | C6: 數位周邊 | D6: 3800 | E6: 2100 | F6: 0.4474
A7: PROD-004 | B7: 商務型多功能雙模無線滑鼠 | C7: 數位周邊 | D7: 890 | E7: 450 | F7: 0.4944
A8: PROD-005 | B8: USB-C 九合一鋁合金擴充基座 | C8: 數位周邊 | D8: 2490 | E8: 1350 | F8: 0.4578
A9: PROD-006 | B9: 鋁合金折疊便攜筆電支架 | C9: 辦公配件 | D9: 1290 | E9: 680 | F9: 0.4729

Sheet 全通路銷售明細
A1: 【交易明細】2026 第一季全通路銷售明細（跨表 XLOOKUP 動態串接）
A3: 訂單編號 | B3: 銷售日期 | C3: 銷售通路 | D3: 產品編號 | E3: 產品名稱 (XLOOKUP) | F3: 銷售數量 | G3: 實銷單價(NTD) | H3: 訂單總營收(NTD) | I3: 單位成本(XLOOKUP) | J3: 訂單總成本(NTD) | K3: 訂單毛利(NTD)
A4: ORD-2026-0101 | B4: 2026-01-05 | C4: 品牌官網 | D4: PROD-001 | E4: =XLOOKUP(D4, 產品成本主檔!A:A, 產品成本主檔!B:B, "未知品項") | F4: 3 | G4: 12800 | H4: =F4*G4 | I4: =XLOOKUP(D4, 產品成本主檔!A:A, 產品成本主檔!E:E, 0) | J4: =F4*I4 | K4: =H4-J4
A5: ORD-2026-0102 | B5: 2026-01-08 | C5: 電商平台 | D5: PROD-002 | E5: =XLOOKUP(D5, 產品成本主檔!A:A, 產品成本主檔!B:B, "未知品項") | F5: 8 | G5: 6200 | H5: =F5*G5 | I5: =XLOOKUP(D5, 產品成本主檔!A:A, 產品成本主檔!E:E, 0) | J5: =F5*I5 | K5: =H5-J5
A6: ORD-2026-0103 | B6: 2026-01-12 | C6: 實體門市 | D6: PROD-004 | E6: =XLOOKUP(D6, 產品成本主檔!A:A, 產品成本主檔!B:B, "未知品項") | F6: 25 | G6: 890 | H6: =F6*G6 | I6: =XLOOKUP(D6, 產品成本主檔!A:A, 產品成本主檔!E:E, 0) | J6: =F6*I6 | K6: =H6-J6
A7: ORD-2026-0104 | B7: 2026-01-18 | C7: 企業採購 | D7: PROD-001 | E7: =XLOOKUP(D7, 產品成本主檔!A:A, 產品成本主檔!B:B, "未知品項") | F7: 10 | G7: 11500 | H7: =F7*G7 | I7: =XLOOKUP(D7, 產品成本主檔!A:A, 產品成本主檔!E:E, 0) | J7: =F7*I7 | K7: =H7-J7
A8: ORD-2026-0201 | B8: 2026-02-03 | C8: 品牌官網 | D8: PROD-003 | E8: =XLOOKUP(D8, 產品成本主檔!A:A, 產品成本主檔!B:B, "未知品項") | F8: 6 | G8: 3800 | H8: =F8*G8 | I8: =XLOOKUP(D8, 產品成本主檔!A:A, 產品成本主檔!E:E, 0) | J8: =F8*I8 | K8: =H8-J8
A9: ORD-2026-0202 | B9: 2026-02-10 | C9: 電商平台 | D9: PROD-005 | E9: =XLOOKUP(D9, 產品成本主檔!A:A, 產品成本主檔!B:B, "未知品項") | F9: 15 | G9: 2390 | H9: =F9*G9 | I9: =XLOOKUP(D9, 產品成本主檔!A:A, 產品成本主檔!E:E, 0) | J9: =F9*I9 | K9: =H9-J9
A10: ORD-2026-0203 | B10: 2026-02-17 | C10: 實體門市 | D10: PROD-002 | E10: =XLOOKUP(D10, 產品成本主檔!A:A, 產品成本主檔!B:B, "未知品項") | F10: 4 | G10: 6500 | H10: =F10*G10 | I10: =XLOOKUP(D10, 產品成本主檔!A:A, 產品成本主檔!E:E, 0) | J10: =F10*I10 | K10: =H10-J10
A11: ORD-2026-0204 | B11: 2026-02-25 | C11: 企業採購 | D11: PROD-004 | E11: =XLOOKUP(D11, 產品成本主檔!A:A, 產品成本主檔!B:B, "未知品項") | F11: 50 | G11: 780 | H11: =F11*G11 | I11: =XLOOKUP(D11, 產品成本主檔!A:A, 產品成本主檔!E:E, 0) | J11: =F11*I11 | K11: =H11-J11
A12: ORD-2026-0301 | B12: 2026-03-05 | C12: 品牌官網 | D12: PROD-006 | E12: =XLOOKUP(D12, 產品成本主檔!A:A, 產品成本主檔!B:B, "未知品項") | F12: 20 | G12: 1290 | H12: =F12*G12 | I12: =XLOOKUP(D12, 產品成本主檔!A:A, 產品成本主檔!E:E, 0) | J12: =F12*I12 | K12: =H12-J12
A13: ORD-2026-0302 | B13: 2026-03-12 | C13: 電商平台 | D13: PROD-001 | E13: =XLOOKUP(D13, 產品成本主檔!A:A, 產品成本主檔!B:B, "未知品項") | F13: 5 | G13: 12800 | H13: =F13*G13 | I13: =XLOOKUP(D13, 產品成本主檔!A:A, 產品成本主檔!E:E, 0) | J13: =F13*I13 | K13: =H13-J13
A14: ORD-2026-0303 | B14: 2026-03-20 | C14: 實體門市 | D14: PROD-003 | E14: =XLOOKUP(D14, 產品成本主檔!A:A, 產品成本主檔!B:B, "未知品項") | F14: 8 | G14: 3800 | H14: =F14*G14 | I14: =XLOOKUP(D14, 產品成本主檔!A:A, 產品成本主檔!E:E, 0) | J14: =F14*I14 | K14: =H14-J14
A15: ORD-2026-0304 | B15: 2026-03-28 | C15: 企業採購 | D15: PROD-002 | E15: =XLOOKUP(D15, 產品成本主檔!A:A, 產品成本主檔!B:B, "未知品項") | F15: 12 | G15: 6000 | H15: =F15*G15 | I15: =XLOOKUP(D15, 產品成本主檔!A:A, 產品成本主檔!E:E, 0) | J15: =F15*I15 | K15: =H15-J15

Sheet 多維度營運統計匯總
A1: 【統計匯總】各通路營收與毛利多維度分析（SUMIFS 多條件統計）
A3: 銷售通路 | B3: 訂單筆數 (COUNTIF) | C3: 銷售總數量 (SUMIF) | D3: 總營收 (SUMIF) | E3: 總成本 (SUMIF) | F3: 總毛利 (SUMIF) | G3: 平均毛利率
A4: 品牌官網 | B4: =COUNTIF(全通路銷售明細!C:C, A4) | C4: =SUMIF(全通路銷售明細!C:C, A4, 全通路銷售明細!F:F) | D4: =SUMIF(全通路銷售明細!C:C, A4, 全通路銷售明細!H:H) | E4: =SUMIF(全通路銷售明細!C:C, A4, 全通路銷售明細!J:J) | F4: =SUMIF(全通路銷售明細!C:C, A4, 全通路銷售明細!K:K) | G4: =F4/D4
A5: 電商平台 | B5: =COUNTIF(全通路銷售明細!C:C, A5) | C5: =SUMIF(全通路銷售明細!C:C, A5, 全通路銷售明細!F:F) | D5: =SUMIF(全通路銷售明細!C:C, A5, 全通路銷售明細!H:H) | E5: =SUMIF(全通路銷售明細!C:C, A5, 全通路銷售明細!J:J) | F5: =SUMIF(全通路銷售明細!C:C, A5, 全通路銷售明細!K:K) | G5: =F5/D5
A6: 實體門市 | B6: =COUNTIF(全通路銷售明細!C:C, A6) | C6: =SUMIF(全通路銷售明細!C:C, A6, 全通路銷售明細!F:F) | D6: =SUMIF(全通路銷售明細!C:C, A6, 全通路銷售明細!H:H) | E6: =SUMIF(全通路銷售明細!C:C, A6, 全通路銷售明細!J:J) | F6: =SUMIF(全通路銷售明細!C:C, A6, 全通路銷售明細!K:K) | G6: =F6/D6
A7: 企業採購 | B7: =COUNTIF(全通路銷售明細!C:C, A7) | C7: =SUMIF(全通路銷售明細!C:C, A7, 全通路銷售明細!F:F) | D7: =SUMIF(全通路銷售明細!C:C, A7, 全通路銷售明細!H:H) | E7: =SUMIF(全通路銷售明細!C:C, A7, 全通路銷售明細!J:J) | F7: =SUMIF(全通路銷售明細!C:C, A7, 全通路銷售明細!K:K) | G7: =F7/D7
