Workbook

Sheet 月薪資總表
A1: 【大眾實業股份有限公司】2026年9月份 12位員工薪資結算總表
A2: 計薪週期：2026/09/01 ~ 2026/09/30 ｜ 發放日：2026/10/05 ｜ 幣別：新台幣 (TWD) ｜ 本表各欄位皆由 Excel 公式全自動連動
A4: 員工基本資料 | D4: 一、應發薪資項目（A） | I4: 二、法定與出勤應扣項目（B） | P4: 三、實領金額（A-B） | Q4: 四、雇主負擔成本
A5: 員工編號 | B5: 員工姓名 | C5: 職稱 | D5: 出勤天數 | E5: 正常薪資 | F5: 餐費補貼 | G5: 加班薪資 | H5: 【應發總額】 | I5: 請假扣薪 | J5: 遲到早退扣 | K5: 勞保自付 | L5: 健保自付 | M5: 自提退休金 | N5: 預支/其他 | O5: 【應扣總額】 | P5: 【實領薪資】 | Q5: 勞退雇主提撥(6%)
A6: EMP01 | B6: 陳建宏 | C6: 生產技術員 | D6: =SUMIF('每日出勤'!$B:$B, A6, '每日出勤'!$E:$E)/8 | E6: =D6*1300 | F6: =D6*130 | G6: =ROUND(SUMIF('每日出勤'!$B:$B, A6, '每日出勤'!$F:$F)*162.5*1.33 + SUMIF('每日出勤'!$B:$B, A6, '每日出勤'!$G:$G)*162.5*1.66, 0) | H6: =E6+F6+G6 | I6: =ROUND(SUMIF('每日出勤'!$B:$B, A6, '每日出勤'!$H:$H)*162.5, 0) | J6: =ROUND(SUMIF('每日出勤'!$B:$B, A6, '每日出勤'!$I:$I)*(162.5/60), 0) | K6: =VLOOKUP(A6, '員工設定'!$A:$E, 5, FALSE) | L6: =VLOOKUP(A6, '員工設定'!$A:$G, 7, FALSE) | M6: =ROUND(VLOOKUP(A6, '員工設定'!$A:$J, 8, FALSE)*VLOOKUP(A6, '員工設定'!$A:$J, 10, FALSE), 0) | N6: =SUMIF('每日出勤'!$B:$B, A6, '每日出勤'!$J:$J) | O6: =I6+J6+K6+L6+M6+N6 | P6: =H6-O6 | Q6: =VLOOKUP(A6, '員工設定'!$A:$I, 9, FALSE)
A7: EMP02 | B7: 林美玲 | C7: 包裝作業員 | D7: =SUMIF('每日出勤'!$B:$B, A7, '每日出勤'!$E:$E)/8 | E7: =D7*1300 | F7: =D7*130 | G7: =ROUND(SUMIF('每日出勤'!$B:$B, A7, '每日出勤'!$F:$F)*162.5*1.33 + SUMIF('每日出勤'!$B:$B, A7, '每日出勤'!$G:$G)*162.5*1.66, 0) | H7: =E7+F7+G7 | I7: =ROUND(SUMIF('每日出勤'!$B:$B, A7, '每日出勤'!$H:$H)*162.5, 0) | J7: =ROUND(SUMIF('每日出勤'!$B:$B, A7, '每日出勤'!$I:$I)*(162.5/60), 0) | K7: =VLOOKUP(A7, '員工設定'!$A:$E, 5, FALSE) | L7: =VLOOKUP(A7, '員工設定'!$A:$G, 7, FALSE) | M7: =ROUND(VLOOKUP(A7, '員工設定'!$A:$J, 8, FALSE)*VLOOKUP(A7, '員工設定'!$A:$J, 10, FALSE), 0) | N7: =SUMIF('每日出勤'!$B:$B, A7, '每日出勤'!$J:$J) | O7: =I7+J7+K7+L7+M7+N7 | P7: =H7-O7 | Q7: =VLOOKUP(A7, '員工設定'!$A:$I, 9, FALSE)
A8: EMP03 | B8: 張志成 | C8: 物料備料員 | D8: =SUMIF('每日出勤'!$B:$B, A8, '每日出勤'!$E:$E)/8 | E8: =D8*1300 | F8: =D8*130 | G8: =ROUND(SUMIF('每日出勤'!$B:$B, A8, '每日出勤'!$F:$F)*162.5*1.33 + SUMIF('每日出勤'!$B:$B, A8, '每日出勤'!$G:$G)*162.5*1.66, 0) | H8: =E8+F8+G8 | I8: =ROUND(SUMIF('每日出勤'!$B:$B, A8, '每日出勤'!$H:$H)*162.5, 0) | J8: =ROUND(SUMIF('每日出勤'!$B:$B, A8, '每日出勤'!$I:$I)*(162.5/60), 0) | K8: =VLOOKUP(A8, '員工設定'!$A:$E, 5, FALSE) | L8: =VLOOKUP(A8, '員工設定'!$A:$G, 7, FALSE) | M8: =ROUND(VLOOKUP(A8, '員工設定'!$A:$J, 8, FALSE)*VLOOKUP(A8, '員工設定'!$A:$J, 10, FALSE), 0) | N8: =SUMIF('每日出勤'!$B:$B, A8, '每日出勤'!$J:$J) | O8: =I8+J8+K8+L8+M8+N8 | P8: =H8-O8 | Q8: =VLOOKUP(A8, '員工設定'!$A:$I, 9, FALSE)
A9: EMP04 | B9: 黃國榮 | C9: 機械操作員 | D9: =SUMIF('每日出勤'!$B:$B, A9, '每日出勤'!$E:$E)/8 | E9: =D9*1300 | F9: =D9*130 | G9: =ROUND(SUMIF('每日出勤'!$B:$B, A9, '每日出勤'!$F:$F)*162.5*1.33 + SUMIF('每日出勤'!$B:$B, A9, '每日出勤'!$G:$G)*162.5*1.66, 0) | H9: =E9+F9+G9 | I9: =ROUND(SUMIF('每日出勤'!$B:$B, A9, '每日出勤'!$H:$H)*162.5, 0) | J9: =ROUND(SUMIF('每日出勤'!$B:$B, A9, '每日出勤'!$I:$I)*(162.5/60), 0) | K9: =VLOOKUP(A9, '員工設定'!$A:$E, 5, FALSE) | L9: =VLOOKUP(A9, '員工設定'!$A:$G, 7, FALSE) | M9: =ROUND(VLOOKUP(A9, '員工設定'!$A:$J, 8, FALSE)*VLOOKUP(A9, '員工設定'!$A:$J, 10, FALSE), 0) | N9: =SUMIF('每日出勤'!$B:$B, A9, '每日出勤'!$J:$J) | O9: =I9+J9+K9+L9+M9+N9 | P9: =H9-O9 | Q9: =VLOOKUP(A9, '員工設定'!$A:$I, 9, FALSE)
A10: EMP05 | B10: 李雅婷 | C10: 品管檢驗員 | D10: =SUMIF('每日出勤'!$B:$B, A10, '每日出勤'!$E:$E)/8 | E10: =D10*1300 | F10: =D10*130 | G10: =ROUND(SUMIF('每日出勤'!$B:$B, A10, '每日出勤'!$F:$F)*162.5*1.33 + SUMIF('每日出勤'!$B:$B, A10, '每日出勤'!$G:$G)*162.5*1.66, 0) | H10: =E10+F10+G10 | I10: =ROUND(SUMIF('每日出勤'!$B:$B, A10, '每日出勤'!$H:$H)*162.5, 0) | J10: =ROUND(SUMIF('每日出勤'!$B:$B, A10, '每日出勤'!$I:$I)*(162.5/60), 0) | K10: =VLOOKUP(A10, '員工設定'!$A:$E, 5, FALSE) | L10: =VLOOKUP(A10, '員工設定'!$A:$G, 7, FALSE) | M10: =ROUND(VLOOKUP(A10, '員工設定'!$A:$J, 8, FALSE)*VLOOKUP(A10, '員工設定'!$A:$J, 10, FALSE), 0) | N10: =SUMIF('每日出勤'!$B:$B, A10, '每日出勤'!$J:$J) | O10: =I10+J10+K10+L10+M10+N10 | P10: =H10-O10 | Q10: =VLOOKUP(A10, '員工設定'!$A:$I, 9, FALSE)
A11: EMP06 | B11: 王俊傑 | C11: 組裝作業員 | D11: =SUMIF('每日出勤'!$B:$B, A11, '每日出勤'!$E:$E)/8 | E11: =D11*1300 | F11: =D11*130 | G11: =ROUND(SUMIF('每日出勤'!$B:$B, A11, '每日出勤'!$F:$F)*162.5*1.33 + SUMIF('每日出勤'!$B:$B, A11, '每日出勤'!$G:$G)*162.5*1.66, 0) | H11: =E11+F11+G11 | I11: =ROUND(SUMIF('每日出勤'!$B:$B, A11, '每日出勤'!$H:$H)*162.5, 0) | J11: =ROUND(SUMIF('每日出勤'!$B:$B, A11, '每日出勤'!$I:$I)*(162.5/60), 0) | K11: =VLOOKUP(A11, '員工設定'!$A:$E, 5, FALSE) | L11: =VLOOKUP(A11, '員工設定'!$A:$G, 7, FALSE) | M11: =ROUND(VLOOKUP(A11, '員工設定'!$A:$J, 8, FALSE)*VLOOKUP(A11, '員工設定'!$A:$J, 10, FALSE), 0) | N11: =SUMIF('每日出勤'!$B:$B, A11, '每日出勤'!$J:$J) | O11: =I11+J11+K11+L11+M11+N11 | P11: =H11-O11 | Q11: =VLOOKUP(A11, '員工設定'!$A:$I, 9, FALSE)
A12: EMP07 | B12: 吳佩芬 | C12: 組裝作業員 | D12: =SUMIF('每日出勤'!$B:$B, A12, '每日出勤'!$E:$E)/8 | E12: =D12*1300 | F12: =D12*130 | G12: =ROUND(SUMIF('每日出勤'!$B:$B, A12, '每日出勤'!$F:$F)*162.5*1.33 + SUMIF('每日出勤'!$B:$B, A12, '每日出勤'!$G:$G)*162.5*1.66, 0) | H12: =E12+F12+G12 | I12: =ROUND(SUMIF('每日出勤'!$B:$B, A12, '每日出勤'!$H:$H)*162.5, 0) | J12: =ROUND(SUMIF('每日出勤'!$B:$B, A12, '每日出勤'!$I:$I)*(162.5/60), 0) | K12: =VLOOKUP(A12, '員工設定'!$A:$E, 5, FALSE) | L12: =VLOOKUP(A12, '員工設定'!$A:$G, 7, FALSE) | M12: =ROUND(VLOOKUP(A12, '員工設定'!$A:$J, 8, FALSE)*VLOOKUP(A12, '員工設定'!$A:$J, 10, FALSE), 0) | N12: =SUMIF('每日出勤'!$B:$B, A12, '每日出勤'!$J:$J) | O12: =I12+J12+K12+L12+M12+N12 | P12: =H12-O12 | Q12: =VLOOKUP(A12, '員工設定'!$A:$I, 9, FALSE)
A13: EMP08 | B13: 劉家豪 | C13: 機台調機員 | D13: =SUMIF('每日出勤'!$B:$B, A13, '每日出勤'!$E:$E)/8 | E13: =D13*1300 | F13: =D13*130 | G13: =ROUND(SUMIF('每日出勤'!$B:$B, A13, '每日出勤'!$F:$F)*162.5*1.33 + SUMIF('每日出勤'!$B:$B, A13, '每日出勤'!$G:$G)*162.5*1.66, 0) | H13: =E13+F13+G13 | I13: =ROUND(SUMIF('每日出勤'!$B:$B, A13, '每日出勤'!$H:$H)*162.5, 0) | J13: =ROUND(SUMIF('每日出勤'!$B:$B, A13, '每日出勤'!$I:$I)*(162.5/60), 0) | K13: =VLOOKUP(A13, '員工設定'!$A:$E, 5, FALSE) | L13: =VLOOKUP(A13, '員工設定'!$A:$G, 7, FALSE) | M13: =ROUND(VLOOKUP(A13, '員工設定'!$A:$J, 8, FALSE)*VLOOKUP(A13, '員工設定'!$A:$J, 10, FALSE), 0) | N13: =SUMIF('每日出勤'!$B:$B, A13, '每日出勤'!$J:$J) | O13: =I13+J13+K13+L13+M13+N13 | P13: =H13-O13 | Q13: =VLOOKUP(A13, '員工設定'!$A:$I, 9, FALSE)
A14: EMP09 | B14: 蔡佳蓉 | C14: 包裝作業員 | D14: =SUMIF('每日出勤'!$B:$B, A14, '每日出勤'!$E:$E)/8 | E14: =D14*1300 | F14: =D14*130 | G14: =ROUND(SUMIF('每日出勤'!$B:$B, A14, '每日出勤'!$F:$F)*162.5*1.33 + SUMIF('每日出勤'!$B:$B, A14, '每日出勤'!$G:$G)*162.5*1.66, 0) | H14: =E14+F14+G14 | I14: =ROUND(SUMIF('每日出勤'!$B:$B, A14, '每日出勤'!$H:$H)*162.5, 0) | J14: =ROUND(SUMIF('每日出勤'!$B:$B, A14, '每日出勤'!$I:$I)*(162.5/60), 0) | K14: =VLOOKUP(A14, '員工設定'!$A:$E, 5, FALSE) | L14: =VLOOKUP(A14, '員工設定'!$A:$G, 7, FALSE) | M14: =ROUND(VLOOKUP(A14, '員工設定'!$A:$J, 8, FALSE)*VLOOKUP(A14, '員工設定'!$A:$J, 10, FALSE), 0) | N14: =SUMIF('每日出勤'!$B:$B, A14, '每日出勤'!$J:$J) | O14: =I14+J14+K14+L14+M14+N14 | P14: =H14-O14 | Q14: =VLOOKUP(A14, '員工設定'!$A:$I, 9, FALSE)
A15: EMP10 | B15: 許博凱 | C15: 倉儲理貨員 | D15: =SUMIF('每日出勤'!$B:$B, A15, '每日出勤'!$E:$E)/8 | E15: =D15*1300 | F15: =D15*130 | G15: =ROUND(SUMIF('每日出勤'!$B:$B, A15, '每日出勤'!$F:$F)*162.5*1.33 + SUMIF('每日出勤'!$B:$B, A15, '每日出勤'!$G:$G)*162.5*1.66, 0) | H15: =E15+F15+G15 | I15: =ROUND(SUMIF('每日出勤'!$B:$B, A15, '每日出勤'!$H:$H)*162.5, 0) | J15: =ROUND(SUMIF('每日出勤'!$B:$B, A15, '每日出勤'!$I:$I)*(162.5/60), 0) | K15: =VLOOKUP(A15, '員工設定'!$A:$E, 5, FALSE) | L15: =VLOOKUP(A15, '員工設定'!$A:$G, 7, FALSE) | M15: =ROUND(VLOOKUP(A15, '員工設定'!$A:$J, 8, FALSE)*VLOOKUP(A15, '員工設定'!$A:$J, 10, FALSE), 0) | N15: =SUMIF('每日出勤'!$B:$B, A15, '每日出勤'!$J:$J) | O15: =I15+J15+K15+L15+M15+N15 | P15: =H15-O15 | Q15: =VLOOKUP(A15, '員工設定'!$A:$I, 9, FALSE)
A16: EMP11 | B16: 鄭淑芬 | C16: 品檢作業員 | D16: =SUMIF('每日出勤'!$B:$B, A16, '每日出勤'!$E:$E)/8 | E16: =D16*1300 | F16: =D16*130 | G16: =ROUND(SUMIF('每日出勤'!$B:$B, A16, '每日出勤'!$F:$F)*162.5*1.33 + SUMIF('每日出勤'!$B:$B, A16, '每日出勤'!$G:$G)*162.5*1.66, 0) | H16: =E16+F16+G16 | I16: =ROUND(SUMIF('每日出勤'!$B:$B, A16, '每日出勤'!$H:$H)*162.5, 0) | J16: =ROUND(SUMIF('每日出勤'!$B:$B, A16, '每日出勤'!$I:$I)*(162.5/60), 0) | K16: =VLOOKUP(A16, '員工設定'!$A:$E, 5, FALSE) | L16: =VLOOKUP(A16, '員工設定'!$A:$G, 7, FALSE) | M16: =ROUND(VLOOKUP(A16, '員工設定'!$A:$J, 8, FALSE)*VLOOKUP(A16, '員工設定'!$A:$J, 10, FALSE), 0) | N16: =SUMIF('每日出勤'!$B:$B, A16, '每日出勤'!$J:$J) | O16: =I16+J16+K16+L16+M16+N16 | P16: =H16-O16 | Q16: =VLOOKUP(A16, '員工設定'!$A:$I, 9, FALSE)
A17: EMP12 | B17: 謝宗翰 | C17: 廠務助理 | D17: =SUMIF('每日出勤'!$B:$B, A17, '每日出勤'!$E:$E)/8 | E17: =D17*1300 | F17: =D17*130 | G17: =ROUND(SUMIF('每日出勤'!$B:$B, A17, '每日出勤'!$F:$F)*162.5*1.33 + SUMIF('每日出勤'!$B:$B, A17, '每日出勤'!$G:$G)*162.5*1.66, 0) | H17: =E17+F17+G17 | I17: =ROUND(SUMIF('每日出勤'!$B:$B, A17, '每日出勤'!$H:$H)*162.5, 0) | J17: =ROUND(SUMIF('每日出勤'!$B:$B, A17, '每日出勤'!$I:$I)*(162.5/60), 0) | K17: =VLOOKUP(A17, '員工設定'!$A:$E, 5, FALSE) | L17: =VLOOKUP(A17, '員工設定'!$A:$G, 7, FALSE) | M17: =ROUND(VLOOKUP(A17, '員工設定'!$A:$J, 8, FALSE)*VLOOKUP(A17, '員工設定'!$A:$J, 10, FALSE), 0) | N17: =SUMIF('每日出勤'!$B:$B, A17, '每日出勤'!$J:$J) | O17: =I17+J17+K17+L17+M17+N17 | P17: =H17-O17 | Q17: =VLOOKUP(A17, '員工設定'!$A:$I, 9, FALSE)
A18: 合計 (12 位員工總額) | D18: =SUM(D6:D17) | E18: =SUM(E6:E17) | F18: =SUM(F6:F17) | G18: =SUM(G6:G17) | H18: =SUM(H6:H17) | I18: =SUM(I6:I17) | J18: =SUM(J6:J17) | K18: =SUM(K6:K17) | ... Q18: =SUM(Q6:Q17)
A20: 備註說明： | B20: 1. 本表正常時薪按日薪 1,300 元 ÷ 8 小時 = 162.5 元計；平日加班前 2 小時按 1.33 倍（216.1元）、超過 2 小時按 1.66 倍（269.8元）計算。
B21: 2. 餐費補貼每出勤工作 1 天補助 130 元；請假依時數扣除時薪 162.5 元；遲到早退依分鐘數依比例折算扣除。
B22: 3. 勞退雇主提撥 6% 係屬雇主法定成本，依法不得自員工薪資內扣除，本表特別列出以利管理會計成本勾稽。
B24: 核准：____________________ | F24: 覆核：____________________ | K24: 審核：____________________ | O24: 製表：____________________

Sheet 每日出勤
A1: 【2026年9月份 每日出勤登打與工時日誌】
A2: 每日由現場主管或會計輸入出勤與加班時數，月薪資總表將依員工編號自動 SUMIF 加總計算
A4: 出勤日期 | B4: 員工編號 | C4: 姓名 | D4: 出勤狀態 | E4: 正常工時(H) | F4: 加班前2H | G4: 加班超2H | H4: 請假時數(H) | I4: 遲到/早退(分) | J4: 預支/代扣款 | K4: 日常備註
A5: 2026/09/30 | B5: EMP01 | C5: 陳建宏 | D5: 正常出勤 (月結) | E5: 176 | F5: 12 | G5: 4 | H5: 0 | I5: 0 | J5: 0 | K5: 正常完工
A6: 2026/09/30 | B6: EMP02 | C6: 林美玲 | D6: 正常出勤 (月結) | E6: 168 | F6: 8 | G6: 0 | H6: 8 | I6: 15 | J6: 0 | K6: 正常完工；病假事假共 8 小時；遲到早退 15 分鐘
A7: 2026/09/30 | B7: EMP03 | C7: 張志成 | D7: 正常出勤 (月結) | E7: 176 | F7: 16 | G7: 6 | H7: 0 | I7: 0 | J7: 1000 | K7: 正常完工；本期預支 1000 元
A8: 2026/09/30 | B8: EMP04 | C8: 黃國榮 | D8: 正常出勤 (月結) | E8: 176 | F8: 20 | G8: 8 | H8: 0 | I8: 0 | J8: 0 | K8: 正常完工
A9: 2026/09/30 | B9: EMP05 | C9: 李雅婷 | D9: 正常出勤 (月結) | E9: 160 | F9: 4 | G9: 0 | H9: 16 | I9: 30 | J9: 0 | K9: 正常完工；病假事假共 16 小時；遲到早退 30 分鐘
A10: 2026/09/30 | B10: EMP06 | C10: 王俊傑 | D10: 正常出勤 (月結) | E10: 176 | F10: 10 | G10: 2 | H10: 0 | I10: 0 | J10: 0 | K10: 正常完工
A11: 2026/09/30 | B11: EMP07 | C11: 吳佩芬 | D11: 正常出勤 (月結) | E11: 168 | F11: 6 | G11: 0 | H11: 8 | I11: 0 | J11: 0 | K11: 正常完工；病假事假共 8 小時
A12: 2026/09/30 | B12: EMP08 | C12: 劉家豪 | D12: 正常出勤 (月結) | E12: 176 | F12: 18 | G12: 10 | H12: 0 | I12: 0 | J12: 2000 | K12: 正常完工；本期預支 2000 元
A13: 2026/09/30 | B13: EMP09 | C13: 蔡佳蓉 | D13: 正常出勤 (月結) | E13: 176 | F13: 14 | G13: 2 | H13: 0 | I13: 10 | J13: 0 | K13: 正常完工；遲到早退 10 分鐘
A14: 2026/09/30 | B14: EMP10 | C14: 許博凱 | D14: 正常出勤 (月結) | E14: 152 | F14: 8 | G14: 0 | H14: 24 | I14: 0 | J14: 0 | K14: 正常完工；病假事假共 24 小時
A15: 2026/09/30 | B15: EMP11 | C15: 鄭淑芬 | D15: 正常出勤 (月結) | E15: 176 | F15: 12 | G15: 0 | H15: 0 | I15: 0 | J15: 0 | K15: 正常完工
A16: 2026/09/30 | B16: EMP12 | C16: 謝宗翰 | D16: 正常出勤 (月結) | E16: 168 | F16: 10 | G16: 2 | H16: 8 | I16: 20 | J16: 500 | K16: 正常完工；本期預支 500 元；病假事假共 8 小時；遲到早退 20 分鐘

Sheet 員工設定
A1: 【員工投保與薪資參數設定庫】
A2: 基準日薪：NT$ 1,300（8小時） ｜ 正常時薪：NT$ 162.5 ｜ 每工作日餐補：NT$ 130 ｜ 加班費倍率：前2H 1.33倍、超2H 1.66倍
A4: 員工編號 | B4: 姓名 | C4: 職稱 | D4: 勞保投保薪資 | E4: 勞保自付額(11%) | F4: 健保投保薪資 | G4: 健保自付額(30%) | H4: 勞退提繳工資 | I4: 勞退雇主提撥(6%) | J4: 自提退休金率 | K4: 日薪基準 | L4: 正常時薪 | M4: 餐補每日
A5: EMP01 | B5: 陳建宏 | C5: 生產技術員 | D5: 27470 | E5: 632 | F5: 27470 | G5: 426 | H5: 27470 | I5: 1648 | J5: 0 | K5: 1300 | L5: =K5/8 | M5: 130
A6: EMP02 | B6: 林美玲 | C6: 包裝作業員 | D6: 27470 | E6: 632 | F6: 27470 | G6: 426 | H6: 27470 | I6: 1648 | J6: 0 | K6: 1300 | L6: =K6/8 | M6: 130
A7: EMP03 | B7: 張志成 | C7: 物料備料員 | D7: 28800 | E7: 662 | F7: 28800 | G7: 446 | H7: 28800 | I7: 1728 | J7: 0 | K7: 1300 | L7: =K7/8 | M7: 130
A8: EMP04 | B8: 黃國榮 | C8: 機械操作員 | D8: 30300 | E8: 697 | F8: 30300 | G8: 470 | H8: 30300 | I8: 1818 | J8: 0 | K8: 1300 | L8: =K8/8 | M8: 130
A9: EMP05 | B9: 李雅婷 | C9: 品管檢驗員 | D9: 27470 | E9: 632 | F9: 27470 | G9: 426 | H9: 27470 | I9: 1648 | J9: 0 | K9: 1300 | L9: =K9/8 | M9: 130
A10: EMP06 | B10: 王俊傑 | C10: 組裝作業員 | D10: 27470 | E10: 632 | F10: 27470 | G10: 426 | H10: 27470 | I10: 1648 | J10: 0 | K10: 1300 | L10: =K10/8 | M10: 130
A11: EMP07 | B11: 吳佩芬 | C11: 組裝作業員 | D11: 27470 | E11: 632 | F11: 27470 | G11: 426 | H11: 27470 | I11: 1648 | J11: 0 | K11: 1300 | L11: =K11/8 | M11: 130
A12: EMP08 | B12: 劉家豪 | C12: 機台調機員 | D12: 31800 | E12: 731 | F12: 31800 | G12: 493 | H12: 31800 | I12: 1908 | J12: 0 | K12: 1300 | L12: =K12/8 | M12: 130
A13: EMP09 | B13: 蔡佳蓉 | C13: 包裝作業員 | D13: 27470 | E13: 632 | F13: 27470 | G13: 426 | H13: 27470 | I13: 1648 | J13: 0 | K13: 1300 | L13: =K13/8 | M13: 130
A14: EMP10 | B14: 許博凱 | C14: 倉儲理貨員 | D14: 28800 | E14: 662 | F14: 28800 | G14: 446 | H14: 28800 | I14: 1728 | J14: 0 | K14: 1300 | L14: =K14/8 | M14: 130
A15: EMP11 | B15: 鄭淑芬 | C15: 品檢作業員 | D15: 27470 | E15: 632 | F15: 27470 | G15: 426 | H15: 27470 | I15: 1648 | J15: 0 | K15: 1300 | L15: =K15/8 | M15: 130
A16: EMP12 | B16: 謝宗翰 | C16: 廠務助理 | D16: 27470 | E16: 632 | F16: 27470 | G16: 426 | H16: 27470 | I16: 1648 | J16: 0 | K16: 1300 | L16: =K16/8 | M16: 130

Sheet 使用說明
A1: 【12位員工日薪制出勤與薪資計算系統 使用說明書】
A3: 一、系統架構說明
A4: 本活頁簿專為中小企業、工廠、工程團隊之「日薪制」員工設計，包含 4 個相互勾稽的工作表：
A5: 1. 【月薪資總表】：每月發薪總表，全自動公式匯總應發、應扣、實領與雇主提撥，並具備 12 位員工合計與核決簽章欄。
A6: 2. 【每日出勤】：平日出勤登記日誌，現場主管或會計每日僅需輸入正常工時、加班、請假與遲到早退，系統自動歸戶加總。
A7: 3. 【員工設定】：維護 12 位員工投保級距、自付額、雇主提撥額與自提率，避免每月重複手動設定。
A8: 4. 【使用說明】：本系統所有計算公式、勞動法規標準與會計操作規範之指引。
A10: 二、薪資與加班費計算規則
A11: 1. 日薪基準：每日 NT$ 1,300 元，表定正常工時為 8 小時。
A12: 2. 正常時薪：NT$ 1,300 ÷ 8 = NT$ 162.5 元/小時。
A13: 3. 餐費補貼：凡當日有出勤工作（出勤日數 > 0），每日補貼 NT$ 130 元。
A14: 4. 加班費計算公式（依勞基法平日延長工時規定）：
... A24: 步驟 3【月底結算】：進入「月薪資總表」，確認每位員工工時與金額已自動匯總平帳，核對總額與簽章送審。
